ID,label
200477520015_R02C01.int.csv.chr3.2595938.JPG,1
200498380014_R04C01.int.csv.chr16.34530789.JPG,0
200529860008_R06C01.int.csv.chr6.168335978.JPG,1
200498380014_R05C01.int.csv.chr7.76185628.JPG,1
200498380020_R02C01.int.csv.chr14.106575614.JPG,0