ID,label,Numsnp,Length,CN,Confidence,Number of CNVs in Sample,LRR_mean,LRR_SD,BAF_mean,BAF_SD,BAF_DRIFT,WF,GCWF,Call Rate,length_ind
200477520015_R02C01.int.csv.chr3.2595938.JPG,1,1.716395178,0.483074628,1.186966189,2.395251397,0.082294112,-1.335977767,-0.450491594,2.831963347,0.118928289,-0.574683189,1.050720983,0.799463705,0.588374734,l
200498380014_R04C01.int.csv.chr16.34530789.JPG,0,0.380070974,0.81655595,1.186966189,-0.054856459,-0.348852039,0.436578739,-0.386758386,-0.423477341,-0.713686539,0.603395721,0.674751328,0.631950998,0.132533972,l
200529860008_R06C01.int.csv.chr6.168335978.JPG,1,3.503626323,1.042616233,1.186966189,2.285924775,-0.317083376,0.131795267,0.977132265,-0.733519312,0.82144705,1.25978896,0.615775695,0.631950998,-1.458661732,l
200498380014_R05C01.int.csv.chr7.76185628.JPG,1,0.72439991,1.994854636,1.186966189,0.753621891,-0.117394632,-0.124864498,-0.034101302,-1.043561282,-0.089225418,0.880158542,0.608403741,0.338803759,-0.197515773,l
200498380020_R02C01.int.csv.chr14.106575614.JPG,0,0.240699738,1.67414878,1.186966189,-0.079012294,0.005141643,-2.49896733,4.278512439,2.056858421,4.854425123,3.145694907,2.05330673,0.422560113,-2.884832564,l
