id,label
200635100064_R08C01.int.csv.chr7.44182.JPG,0
200635100064_R08C01.int.csv.chr10.90941441.JPG,0
200635100064_R08C01.int.csv.chr1.40920859.JPG,1
200635100064_R08C01.int.csv.chr1.111930916.JPG,1